seqName,insertions
"USA/CUIMC-NP-3345/2020",""
"USA/CUIMC-NP-3381/2020",""
"USA/CUIMC-NP-3410/2020",""
"USA/CUIMC-NP-3455/2020",""
"USA/CUIMC-NP-3469/2020",""
"USA/CUIMC-NP-3472/2020",""
"USA/CUIMC-NP-3477/2020",""
"USA/CUIMC-NP-3478/2020",""
"USA/CUIMC-NP-3510/2020",""
"USA/CUIMC-NP-3521/2020",""
"USA/CUIMC-NP-3524/2020",""
"USA/CUIMC-NP-3522/2020",""
"USA/CUIMC-NP-3528/2020",""
"USA/CUIMC-NP-3532/2020",""
"USA/CUIMC-NP-3560/2020",""
"USA/CUIMC-NP-3565/2020",""
"USA/CUIMC-NP-3573/2020",""
"USA/CUIMC-NP-3609/2020",""
"USA/CUIMC-NP-3616/2020",""
"USA/CUIMC-NP-3617/2020",""
"USA/CUIMC-NP-3629/2020",""
"USA/CUIMC-NP-3632/2020",""
"USA/CUIMC-NP-3657/2020",""
"USA/CUIMC-NP-3634/2020",""
"USA/CUIMC-NP-3671/2020",""
"USA/CUIMC-NP-3670/2020",""
"USA/CUIMC-NP-3661/2020",""
"USA/CUIMC-NP-3672/2020",""
"USA/CUIMC-NP-3676/2020",""
"USA/CUIMC-NP-3678/2020",""
"USA/CUIMC-NP-3687/2020",""
"USA/CUIMC-NP-3700/2020",""
"USA/CUIMC-NP-3570/2020",""
"USA/CUIMC-NP-3704/2020",""
"USA/CUIMC-NP-3707/2020",""
"USA/CUIMC-NP-3748/2020",""
"USA/CUIMC-NP-3752/2020",""
"USA/CUIMC-NP-3756/2020",""
"USA/CUIMC-NP-3796/2020",""
"USA/CUIMC-NP-3807/2020",""
"USA/CUIMC-NP-3804/2020",""
"USA/CUIMC-NP-3810/2020",""
"USA/CUIMC-NP-3814/2020",""
"USA/CUIMC-NP-3815/2020",""
"USA/CUIMC-NP-3816/2020",""
"USA/CUIMC-NP-3970/2020",""
"USA/CUIMC-NP-3974/2020",""
"USA/CUIMC-NP-3972/2020",""
"USA/CUIMC-NP-3988/2020",""
"USA/CUIMC-NP-3990/2020",""
"USA/CUIMC-NP-3971/2020",""
"USA/CUIMC-NP-3991/2020",""
"USA/CUIMC-NP-3992/2020",""
"USA/CUIMC-NP-3994/2020",""
"USA/CUIMC-NP-3995/2020",""
"USA/CUIMC-NP-4001/2020",""
"USA/CUIMC-NP-4002/2020",""
"USA/CUIMC-NP-4003/2020",""
"USA/CUIMC-NP-4004/2020",""
"USA/CUIMC-NP-4010/2020",""
"USA/CUIMC-NP-4013/2020",""
"USA/CUIMC-NP-4011/2020",""
"USA/CUIMC-NP-4015/2020",""
"USA/CUIMC-NP-4016/2020",""
"USA/CUIMC-NP-4020/2021",""
"USA/CUIMC-NP-4019/2020",""
"USA/CUIMC-NP-4021/2021",""
"USA/CUIMC-NP-4027/2021",""
"USA/CUIMC-NP-4032/2020",""
"USA/CUIMC-NP-4033/2020",""
"USA/CUIMC-NP-4037/2020",""
"USA/CUIMC-NP-4036/2020",""
"USA/CUIMC-NP-4025/2020",""
"USA/CUIMC-NP-4043/2020",""
"USA/CUIMC-NP-4040/2020",""
"USA/CUIMC-NP-4059/2020",""
"USA/CUIMC-NP-4030/2021",""
"USA/CUIMC-NP-4061/2020",""
"USA/CUIMC-NP-4062/2020",""
"USA/CUIMC-NP-4066/2021",""
"USA/CUIMC-NP-4069/2021",""
"USA/CUIMC-NP-4070/2021",""
"USA/CUIMC-NP-4065/2021",""
"USA/CUIMC-NP-4072/2021",""
"USA/CUIMC-NP-4071/2021",""
"USA/CUIMC-NP-4079/2021",""
"USA/CUIMC-NP-4080/2021",""
"USA/CUIMC-NP-4081/2021",""
"USA/CUIMC-NP-4073/2021",""
"USA/CUIMC-NP-4074/2021",""
"USA/CUIMC-NP-4093/2021",""
"USA/CUIMC-NP-4256/2021",""
"USA/CUIMC-NP-4212/2021",""
"USA/CUIMC-NP-4489/2021",""
"USA/CUIMC-NP-4563/2021",""
"USA/CUIMC-NP-4086/2021",""
"USA/CUIMC-NP-4741/2021",""
"USA/CUIMC-NP-4947/2021",""
"USA/CUIMC-NP-5006/2021",""
"USA/CUIMC-NP-5211/2021",""
"USA/CUIMC-NP-5213/2021",""
"USA/CUIMC-NP-4852/2021",""
"USA/CUIMC-NP-5210/2021",""
"USA/CUIMC-NP-5080/2021",""
"USA/CUIMC-NP-5214/2021",""
"USA/CUIMC-NP-5028/2021",""
"USA/CUIMC-NP-5215/2021",""
"USA/CUIMC-NP-5216/2021",""
"USA/CUIMC-NP-5218/2021",""
"USA/CUIMC-NP-5225/2021",""
"USA/CUIMC-NP-5223/2021",""
"USA/CUIMC-NP-5227/2021",""
"USA/CUIMC-NP-5239/2021",""
"USA/CUIMC-NP-5232/2021",""
"USA/CUIMC-NP-5226/2021",""
"USA/CUIMC-NP-5220/2021",""
"USA/CUIMC-NP-5222/2021",""
"USA/CUIMC-NP-5254/2021",""
"USA/CUIMC-NP-5256/2021",""
"USA/CUIMC-NP-5250/2021",""
"USA/CUIMC-NP-5261/2021",""
"USA/CUIMC-NP-5233/2021",""
"USA/CUIMC-NP-5247/2021",""
"USA/CUIMC-NP-5265/2021",""
"USA/CUIMC-NP-5270/2021","28250:CTG"
"USA/CUIMC-NP-5269/2021",""
"USA/CUIMC-NP-5276/2021",""
"USA/CUIMC-NP-5272/2021",""
"USA/CUIMC-NP-5273/2021",""
"USA/CUIMC-NP-5264/2021",""
"USA/CUIMC-NP-5284/2021",""
"USA/CUIMC-NP-5283/2021",""
"USA/CUIMC-NP-5267/2021",""
"USA/CUIMC-NP-5277/2021",""
"USA/CUIMC-NP-5290/2021",""
"USA/CUIMC-NP-5286/2021",""
"USA/CUIMC-NP-5293/2021",""
"USA/CUIMC-NP-5285/2021",""
"USA/CUIMC-NP-5300/2021",""
"USA/CUIMC-NP-5298/2021",""
"USA/CUIMC-NP-5296/2021",""
"USA/CUIMC-NP-5352/2021",""
"USA/CUIMC-NP-5359/2021",""
"USA/CUIMC-NP-5379/2021",""
"USA/CUIMC-NP-5391/2021",""
"USA/CUIMC-NP-5415/2021",""
"USA/CUIMC-NP-5442/2021",""
"USA/CUIMC-NP-5426/2021",""
"USA/CUIMC-NP-5385/2021",""
"USA/CUIMC-NP-5441/2021",""
"USA/CUIMC-NP-5388/2021",""
"USA/CUIMC-NP-5443/2021",""
"USA/CUIMC-NP-5479/2021",""
"USA/CUIMC-NP-5452/2021",""
"USA/CUIMC-NP-5445/2021",""
"USA/CUIMC-NP-5483/2021",""
"USA/CUIMC-NP-5521/2021",""
"USA/CUIMC-NP-5511/2021",""
"USA/CUIMC-NP-5555/2021",""
"USA/CUIMC-NP-5658/2021",""
"USA/CUIMC-NP-5670/2021",""
"USA/CUIMC-NP-5667/2021",""
"USA/CUIMC-NP-5552/2021",""
"USA/CUIMC-NP-5677/2021",""
"USA/CUIMC-NP-5683/2021",""
"USA/CUIMC-NP-5678/2021",""
"USA/CUIMC-NP-5671/2021",""
"USA/NP-3005/2020",""
"USA/NP-3384/2020","27966:GGAAG"
"USA/NP-3698/2020",""
"USA/NP-3581/2020",""
"USA/CUIMC-NP-5662/2021",""
"USA/NP-3975/2020",""
"USA/NP-3840/2020",""
"USA/NP-3987/2020",""
"USA/NP-4106/2021",""
"USA/NP-4063/2020",""
"USA/NP-4053/2020",""
"USA/NP-4475/2021",""
"USA/NP-4142/2021",""
"USA/NP-4117/2021",""
"USA/NP-4144/2021",""
"USA/NP-4592/2021",""
"USA/NP-4563/2021",""
"USA/NP-4595/2021",""
"USA/NP-4601/2021",""
"USA/NP-4594/2021",""
"USA/NP-4505/2021",""
"USA/NP-4540/2021",""
"USA/NP-4561/2021",""
"USA/NP-4606/2021",""
"USA/NP-4665/2021",""
"USA/NP-4686/2021",""
"USA/NP-4666/2021",""
"USA/NP-4649/2021",""
"USA/NP-4650/2021",""
"USA/NP-4675/2021",""
"USA/NP-4698/2021",""
"USA/NP-4621/2021",""
"USA/NP-4796/2021",""
"USA/NP-4823/2021",""
"USA/NP-4884/2021",""
"USA/NP-4857/2021",""
"USA/NP-4861/2021",""
"USA/NP-4869/2021",""
"USA/NP-4900/2021",""
"USA/NP-4909/2021",""
"USA/NP-4916/2021",""
"USA/NP-4926/2021",""
"USA/NP-4929/2021",""
"USA/NP-4974/2021",""
"USA/NP-5009/2021",""
"USA/NP-4983/2021",""
"USA/NP-5017/2021",""
"USA/NP-5038/2021",""
"USA/NP-5023/2021",""
"USA/NP-5078/2021",""
"USA/NP-5079/2021",""
"USA/NP-5086/2021",""
"USA/NP-5098/2021",""
"USA/NP-5091/2021",""
"USA/NP-5082/2021",""
"USA/NP-5102/2021",""
"USA/NP-5107/2021",""
"USA/NP-5109/2021",""
"USA/NP-5103/2021",""
"USA/NP-5113/2021",""
"USA/NP-5121/2021",""
"USA/NP-5120/2021",""
"USA/NP-5138/2021",""
"USA/NP-5197/2021",""
"USA/NP-5140/2021",""
"USA/NP-DOH1/2021",""
